{
  "Vanilla FedAvg": {
    "mean": 0.12515567821180432,
    "std": 0.00045413735660067544
  },
  "TrimmedMean Only": {
    "mean": 0.027814394120621467,
    "std": 0.0005696489019393601
  },
  "Reputation Only": {
    "mean": 0.0056430500436723255,
    "std": 0.0003003686305744444
  },
  "No DP (L2+L4)": {
    "mean": 0.006305381311149308,
    "std": 0.0003525921221210184
  },
  "Full QRES (L2+L3+L4)": {
    "mean": 0.006508041821763319,
    "std": 0.0003229319842908069
  }
}