{
  "FedAvg": {
    "drift_mean": 0.12515567821180432,
    "drift_std": 0.00045413735660067544
  },
  "Krum": {
    "drift_mean": 0.02497760837715871,
    "drift_std": 0.0011154910603392504
  },
  "Median": {
    "drift_mean": 0.022939012400461596,
    "drift_std": 0.0006663343115642454
  },
  "Bulyan": {
    "drift_mean": 0.027814394120621467,
    "drift_std": 0.0005696489019393601
  },
  "TrimmedMean": {
    "drift_mean": 0.027814394120621467,
    "drift_std": 0.0005696489019393601
  },
  "QRES": {
    "drift_mean": 0.006305381311149308,
    "drift_std": 0.0003525921221210184
  }
}